{
  "name": "Escalation Workflow",
  "active": true,
  "nodes": [
    {
      "parameters": {},
      "name": "Escalation Trigger",
      "type": "n8n-nodes-base.start",
      "typeVersion": 1,
      "position": [250, 300],
      "id": "escalation-start-001"
    },
    {
      "parameters": {
        "values": {
          "string": [
            {
              "name": "escalation_id",
              "value": "escalation_{{ $runIndex }}_{{ $now.format('YYYYMMDD_HHmmss') }}"
            },
            {
              "name": "escalation_level",
              "value": "{{ $json.escalation_level || 'level_1' }}"
            },
            {
              "name": "escalation_reason",
              "value": "{{ $json.escalation_reason || $json.rejection_reason || 'System escalation required' }}"
            },
            {
              "name": "original_mission",
              "value": "{{ $json.mission_id || 'unknown' }}"
            },
            {
              "name": "escalated_at",
              "value": "{{ $now }}"
            }
          ]
        }
      },
      "name": "Escalation Context",
      "type": "n8n-nodes-base.set",
      "typeVersion": 1,
      "position": [450, 300],
      "id": "escalation-context-001"
    },
    {
      "parameters": {
        "conditions": {
          "string": [
            {
              "value1": "={{ $json.escalation_level }}",
              "operation": "equal",
              "value2": "level_1"
            }
          ]
        }
      },
      "name": "Escalation Level Check",
      "type": "n8n-nodes-base.if",
      "typeVersion": 1,
      "position": [650, 300],
      "id": "escalation-level-001"
    },
    {
      "parameters": {
        "subject": "⚠️ Sentinel System: Level 1 Escalation - {{ $json.original_mission }}",
        "message": "ESCALATION ALERT\n\nEscalation ID: {{ $json.escalation_id }}\nLevel: {{ $json.escalation_level }}\nOriginal Mission: {{ $json.original_mission }}\nReason: {{ $json.escalation_reason }}\nEscalated At: {{ $json.escalated_at }}\n\nThis requires immediate attention from the operations team.\n\nPlease review and take appropriate action.",
        "options": {
          "allowUnauthorizedCerts": true
        },
        "fromEmail": "sentinel-escalation@vercept.com",
        "toEmail": "ops-team@vercept.com"
      },
      "name": "Level 1 Escalation Email",
      "type": "n8n-nodes-base.emailSend",
      "typeVersion": 1,
      "position": [850, 200],
      "id": "level1-email-001"
    },
    {
      "parameters": {
        "subject": "🚨 Sentinel System: CRITICAL Level 2 Escalation - {{ $json.original_mission }}",
        "message": "CRITICAL ESCALATION ALERT\n\nEscalation ID: {{ $json.escalation_id }}\nLevel: {{ $json.escalation_level }}\nOriginal Mission: {{ $json.original_mission }}\nReason: {{ $json.escalation_reason }}\nEscalated At: {{ $json.escalated_at }}\n\nThis is a CRITICAL escalation requiring immediate executive attention.\n\nPlease review and take immediate action.",
        "options": {
          "allowUnauthorizedCerts": true
        },
        "fromEmail": "sentinel-critical@vercept.com",
        "toEmail": "executives@vercept.com"
      },
      "name": "Level 2 Critical Escalation",
      "type": "n8n-nodes-base.emailSend",
      "typeVersion": 1,
      "position": [850, 400],
      "id": "level2-email-001"
    },
    {
      "parameters": {
        "amount": 15,
        "unit": "minutes"
      },
      "name": "Escalation Response Wait",
      "type": "n8n-nodes-base.wait",
      "typeVersion": 1,
      "position": [1050, 300],
      "id": "escalation-wait-001"
    },
    {
      "parameters": {
        "values": {
          "string": [
            {
              "name": "escalation_level",
              "value": "level_2"
            },
            {
              "name": "auto_escalated",
              "value": "true"
            },
            {
              "name": "escalation_reason",
              "value": "No response to Level 1 escalation within 15 minutes - auto-escalating to Level 2"
            }
          ]
        }
      },
      "name": "Auto-Escalate to Level 2",
      "type": "n8n-nodes-base.set",
      "typeVersion": 1,
      "position": [1250, 300],
      "id": "auto-escalate-001"
    },
    {
      "parameters": {
        "url": "http://agent-wolf-protocol:8100/missions",
        "options": {
          "headers": {
            "Content-Type": "application/json"
          }
        },
        "method": "GET"
      },
      "name": "Check System Status",
      "type": "n8n-nodes-base.httpRequest",
      "typeVersion": 1,
      "position": [1050, 500],
      "id": "system-status-001"
    },
    {
      "parameters": {
        "conditions": {
          "number": [
            {
              "value1": "={{ $json.active_missions }}",
              "operation": "larger",
              "value2": 5
            }
          ]
        }
      },
      "name": "System Overload Check",
      "type": "n8n-nodes-base.if",
      "typeVersion": 1,
      "position": [1250, 500],
      "id": "overload-check-001"
    },
    {
      "parameters": {
        "values": {
          "string": [
            {
              "name": "emergency_action",
              "value": "system_pause"
            },
            {
              "name": "emergency_reason",
              "value": "System overload detected - {{ $json.active_missions }} active missions"
            },
            {
              "name": "emergency_timestamp",
              "value": "{{ $now }}"
            }
          ]
        }
      },
      "name": "Emergency System Pause",
      "type": "n8n-nodes-base.set",
      "typeVersion": 1,
      "position": [1450, 400],
      "id": "emergency-pause-001"
    },
    {
      "parameters": {
        "url": "http://qdrant:6333/collections/escalation_history/points",
        "options": {
          "headers": {
            "Content-Type": "application/json"
          },
          "body": {
            "contentType": "json",
            "specifyBody": "json",
            "jsonBody": "{\"points\": [{\"id\": \"{{ $json.escalation_id }}\", \"vector\": [0.1, 0.2, 0.3, 0.4, 0.5, 0.6], \"payload\": {\"escalation_data\": \"{{ $json }}\", \"timestamp\": \"{{ $now }}\", \"level\": \"{{ $json.escalation_level }}\"}}]}"
          }
        },
        "method": "PUT"
      },
      "name": "Store Escalation History",
      "type": "n8n-nodes-base.httpRequest",
      "typeVersion": 1,
      "position": [1650, 300],
      "id": "escalation-history-001"
    }
  ],
  "connections": {
    "Escalation Trigger": {
      "main": [
        [
          {
            "node": "Escalation Context",
            "type": "main",
            "index": 0
          }
        ]
      ]
    },
    "Escalation Context": {
      "main": [
        [
          {
            "node": "Escalation Level Check",
            "type": "main",
            "index": 0
          }
        ]
      ]
    },
    "Escalation Level Check": {
      "main": [
        [
          {
            "node": "Level 1 Escalation Email",
            "type": "main",
            "index": 0
          }
        ],
        [
          {
            "node": "Level 2 Critical Escalation",
            "type": "main",
            "index": 0
          }
        ]
      ]
    },
    "Level 1 Escalation Email": {
      "main": [
        [
          {
            "node": "Escalation Response Wait",
            "type": "main",
            "index": 0
          },
          {
            "node": "Check System Status",
            "type": "main",
            "index": 0
          }
        ]
      ]
    },
    "Level 2 Critical Escalation": {
      "main": [
        [
          {
            "node": "Check System Status",
            "type": "main",
            "index": 0
          }
        ]
      ]
    },
    "Escalation Response Wait": {
      "main": [
        [
          {
            "node": "Auto-Escalate to Level 2",
            "type": "main",
            "index": 0
          }
        ]
      ]
    },
    "Auto-Escalate to Level 2": {
      "main": [
        [
          {
            "node": "Level 2 Critical Escalation",
            "type": "main",
            "index": 0
          }
        ]
      ]
    },
    "Check System Status": {
      "main": [
        [
          {
            "node": "System Overload Check",
            "type": "main",
            "index": 0
          }
        ]
      ]
    },
    "System Overload Check": {
      "main": [
        [
          {
            "node": "Emergency System Pause",
            "type": "main",
            "index": 0
          }
        ],
        [
          {
            "node": "Store Escalation History",
            "type": "main",
            "index": 0
          }
        ]
      ]
    },
    "Emergency System Pause": {
      "main": [
        [
          {
            "node": "Store Escalation History",
            "type": "main",
            "index": 0
          }
        ]
      ]
    }
  },
  "settings": {
    "timezone": "America/Los_Angeles"
  },
  "meta": {
    "instanceId": "escalation-workflow-001"
  }
}