{
  "security_tools": {
    "vulnerability_scanners": [
      "nmap_scanner",
      "ssl_analyzer",
      "port_scanner",
      "service_fingerprinter"
    ],
    "logic_validators": [
      "strategy_analyzer",
      "consistency_checker",
      "contradiction_detector",
      "assumption_validator"
    ],
    "penetration_testing": [
      "injection_tester",
      "auth_bypass_checker",
      "privilege_escalation_detector",
      "data_exposure_scanner"
    ],
    "hallucination_detectors": [
      "fact_checker",
      "source_validator",
      "confidence_analyzer",
      "cross_reference_validator"
    ],
    "stress_testing": [
      "load_tester",
      "edge_case_generator",
      "failure_mode_analyzer",
      "resilience_tester"
    ]
  },
  "audit_protocols": {
    "security_assessment": {
      "frequency": "continuous",
      "severity_levels": ["low", "medium", "high", "critical"],
      "auto_remediation": false,
      "alert_threshold": "medium"
    },
    "logic_validation": {
      "strategy_review": true,
      "consistency_check": true,
      "assumption_testing": true,
      "contradiction_detection": true
    },
    "performance_monitoring": {
      "response_time_threshold": "5s",
      "memory_usage_limit": "80%",
      "cpu_usage_limit": "70%",
      "error_rate_threshold": "5%"
    }
  }
}