{
  "name": "Human-in-the-Loop Governance",
  "active": true,
  "nodes": [
    {
      "parameters": {},
      "name": "Mission Approval Request",
      "type": "n8n-nodes-base.start",
      "typeVersion": 1,
      "position": [250, 300],
      "id": "approval-start-001"
    },
    {
      "parameters": {
        "values": {
          "string": [
            {
              "name": "approval_id",
              "value": "approval_{{ $runIndex }}_{{ $now.format('YYYYMMDD_HHmmss') }}"
            },
            {
              "name": "mission_summary",
              "value": "Mission: {{ $json.mission_id }}\nType: {{ $json.mission_type }}\nPriority: {{ $json.priority }}\nDescription: {{ $json.description }}\nHealth Score: {{ $json.health_score }}"
            },
            {
              "name": "approval_status",
              "value": "pending"
            },
            {
              "name": "requested_at",
              "value": "{{ $now }}"
            }
          ]
        }
      },
      "name": "Approval Context Setup",
      "type": "n8n-nodes-base.set",
      "typeVersion": 1,
      "position": [450, 300],
      "id": "approval-context-001"
    },
    {
      "parameters": {
        "subject": "🚨 Sentinel System: Mission Approval Required - {{ $json.priority }} Priority",
        "message": "A new autonomous mission requires your approval:\n\n{{ $json.mission_summary }}\n\nPlease review and respond:\n- Approve: Reply with 'APPROVE {{ $json.approval_id }}'\n- Reject: Reply with 'REJECT {{ $json.approval_id }} [reason]'\n- Escalate: Reply with 'ESCALATE {{ $json.approval_id }} [reason]'\n\nApproval ID: {{ $json.approval_id }}\nRequested: {{ $json.requested_at }}",
        "options": {
          "allowUnauthorizedCerts": true
        },
        "fromEmail": "sentinel-system@vercept.com",
        "toEmail": "admin@vercept.com"
      },
      "name": "Send Approval Email",
      "type": "n8n-nodes-base.emailSend",
      "typeVersion": 1,
      "position": [650, 300],
      "id": "approval-email-001"
    },
    {
      "parameters": {
        "path": "approval/{{ $json.approval_id }}",
        "options": {
          "noResponseBody": false
        },
        "responseMode": "responseNode"
      },
      "name": "Approval Webhook",
      "type": "n8n-nodes-base.webhook",
      "typeVersion": 1,
      "position": [850, 300],
      "id": "approval-webhook-001"
    },
    {
      "parameters": {
        "amount": 30,
        "unit": "minutes"
      },
      "name": "Approval Timeout",
      "type": "n8n-nodes-base.wait",
      "typeVersion": 1,
      "position": [850, 500],
      "id": "approval-timeout-001"
    },
    {
      "parameters": {
        "conditions": {
          "string": [
            {
              "value1": "={{ $json.body.action }}",
              "operation": "equal",
              "value2": "approve"
            }
          ]
        }
      },
      "name": "Approval Decision",
      "type": "n8n-nodes-base.if",
      "typeVersion": 1,
      "position": [1050, 300],
      "id": "approval-decision-001"
    },
    {
      "parameters": {
        "values": {
          "string": [
            {
              "name": "approval_status",
              "value": "approved"
            },
            {
              "name": "approved_by",
              "value": "{{ $json.body.approved_by || 'admin' }}"
            },
            {
              "name": "approved_at",
              "value": "{{ $now }}"
            },
            {
              "name": "approval_notes",
              "value": "{{ $json.body.notes || 'No additional notes' }}"
            }
          ]
        }
      },
      "name": "Mission Approved",
      "type": "n8n-nodes-base.set",
      "typeVersion": 1,
      "position": [1250, 200],
      "id": "mission-approved-001"
    },
    {
      "parameters": {
        "conditions": {
          "string": [
            {
              "value1": "={{ $json.body.action }}",
              "operation": "equal",
              "value2": "reject"
            }
          ]
        }
      },
      "name": "Rejection Check",
      "type": "n8n-nodes-base.if",
      "typeVersion": 1,
      "position": [1250, 400],
      "id": "rejection-check-001"
    },
    {
      "parameters": {
        "values": {
          "string": [
            {
              "name": "approval_status",
              "value": "rejected"
            },
            {
              "name": "rejected_by",
              "value": "{{ $json.body.rejected_by || 'admin' }}"
            },
            {
              "name": "rejected_at",
              "value": "{{ $now }}"
            },
            {
              "name": "rejection_reason",
              "value": "{{ $json.body.reason || 'No reason provided' }}"
            }
          ]
        }
      },
      "name": "Mission Rejected",
      "type": "n8n-nodes-base.set",
      "typeVersion": 1,
      "position": [1450, 300],
      "id": "mission-rejected-001"
    },
    {
      "parameters": {
        "values": {
          "string": [
            {
              "name": "approval_status",
              "value": "escalated"
            },
            {
              "name": "escalated_by",
              "value": "{{ $json.body.escalated_by || 'admin' }}"
            },
            {
              "name": "escalated_at",
              "value": "{{ $now }}"
            },
            {
              "name": "escalation_reason",
              "value": "{{ $json.body.reason || 'Requires higher-level approval' }}"
            }
          ]
        }
      },
      "name": "Mission Escalated",
      "type": "n8n-nodes-base.set",
      "typeVersion": 1,
      "position": [1450, 500],
      "id": "mission-escalated-001"
    },
    {
      "parameters": {
        "values": {
          "string": [
            {
              "name": "approval_status",
              "value": "timeout"
            },
            {
              "name": "timeout_at",
              "value": "{{ $now }}"
            },
            {
              "name": "default_action",
              "value": "reject"
            },
            {
              "name": "timeout_reason",
              "value": "No response received within 30 minutes - defaulting to rejection"
            }
          ]
        }
      },
      "name": "Approval Timeout Handler",
      "type": "n8n-nodes-base.set",
      "typeVersion": 1,
      "position": [1050, 500],
      "id": "timeout-handler-001"
    },
    {
      "parameters": {
        "subject": "✅ Sentinel System: Mission {{ $json.approval_status }}",
        "message": "Mission approval update:\n\nApproval ID: {{ $json.approval_id }}\nStatus: {{ $json.approval_status }}\nProcessed: {{ $now }}\n\nDetails:\n{{ $json }}",
        "options": {
          "allowUnauthorizedCerts": true
        },
        "fromEmail": "sentinel-system@vercept.com",
        "toEmail": "admin@vercept.com"
      },
      "name": "Send Status Update",
      "type": "n8n-nodes-base.emailSend",
      "typeVersion": 1,
      "position": [1650, 300],
      "id": "status-update-001"
    },
    {
      "parameters": {
        "url": "http://qdrant:6333/collections/approval_history/points",
        "options": {
          "headers": {
            "Content-Type": "application/json"
          },
          "body": {
            "contentType": "json",
            "specifyBody": "json",
            "jsonBody": "{\"points\": [{\"id\": \"{{ $json.approval_id }}\", \"vector\": [0.1, 0.2, 0.3, 0.4, 0.5], \"payload\": {\"approval_data\": \"{{ $json }}\", \"timestamp\": \"{{ $now }}\", \"status\": \"{{ $json.approval_status }}\"}}]}"
          }
        },
        "method": "PUT"
      },
      "name": "Store Approval History",
      "type": "n8n-nodes-base.httpRequest",
      "typeVersion": 1,
      "position": [1850, 300],
      "id": "approval-history-001"
    }
  ],
  "connections": {
    "Mission Approval Request": {
      "main": [
        [
          {
            "node": "Approval Context Setup",
            "type": "main",
            "index": 0
          }
        ]
      ]
    },
    "Approval Context Setup": {
      "main": [
        [
          {
            "node": "Send Approval Email",
            "type": "main",
            "index": 0
          }
        ]
      ]
    },
    "Send Approval Email": {
      "main": [
        [
          {
            "node": "Approval Webhook",
            "type": "main",
            "index": 0
          },
          {
            "node": "Approval Timeout",
            "type": "main",
            "index": 0
          }
        ]
      ]
    },
    "Approval Webhook": {
      "main": [
        [
          {
            "node": "Approval Decision",
            "type": "main",
            "index": 0
          }
        ]
      ]
    },
    "Approval Timeout": {
      "main": [
        [
          {
            "node": "Approval Timeout Handler",
            "type": "main",
            "index": 0
          }
        ]
      ]
    },
    "Approval Decision": {
      "main": [
        [
          {
            "node": "Mission Approved",
            "type": "main",
            "index": 0
          }
        ],
        [
          {
            "node": "Rejection Check",
            "type": "main",
            "index": 0
          }
        ]
      ]
    },
    "Rejection Check": {
      "main": [
        [
          {
            "node": "Mission Rejected",
            "type": "main",
            "index": 0
          }
        ],
        [
          {
            "node": "Mission Escalated",
            "type": "main",
            "index": 0
          }
        ]
      ]
    },
    "Mission Approved": {
      "main": [
        [
          {
            "node": "Send Status Update",
            "type": "main",
            "index": 0
          }
        ]
      ]
    },
    "Mission Rejected": {
      "main": [
        [
          {
            "node": "Send Status Update",
            "type": "main",
            "index": 0
          }
        ]
      ]
    },
    "Mission Escalated": {
      "main": [
        [
          {
            "node": "Send Status Update",
            "type": "main",
            "index": 0
          }
        ]
      ]
    },
    "Approval Timeout Handler": {
      "main": [
        [
          {
            "node": "Send Status Update",
            "type": "main",
            "index": 0
          }
        ]
      ]
    },
    "Send Status Update": {
      "main": [
        [
          {
            "node": "Store Approval History",
            "type": "main",
            "index": 0
          }
        ]
      ]
    }
  },
  "settings": {
    "timezone": "America/Los_Angeles"
  },
  "meta": {
    "instanceId": "human-governance-001"
  }
}