{
  "name": "Master Orchestrator - Autonomous Mission Lifecycle",
  "active": true,
  "nodes": [
    {
      "parameters": {
        "rule": {
          "interval": [
            {
              "field": "cronExpression",
              "expression": "0 */5 * * * *"
            }
          ]
        }
      },
      "name": "Mission Lifecycle Trigger",
      "type": "n8n-nodes-base.cron",
      "typeVersion": 1,
      "position": [250, 300],
      "id": "mission-trigger-001"
    },
    {
      "parameters": {
        "url": "http://agent-wolf-protocol:8100/cron/analyze",
        "options": {
          "headers": {
            "Content-Type": "application/json"
          },
          "body": {
            "contentType": "json",
            "specifyBody": "json",
            "jsonBody": "{\"trigger\": \"orchestrator\", \"timestamp\": \"{{ $now }}\", \"mission_id\": \"{{ $runIndex }}\"}"
          }
        },
        "method": "POST"
      },
      "name": "Wolf BI Analysis",
      "type": "n8n-nodes-base.httpRequest",
      "typeVersion": 1,
      "position": [450, 300],
      "id": "wolf-analysis-001"
    },
    {
      "parameters": {
        "conditions": {
          "number": [
            {
              "value1": "={{ $json.overall_health_score }}",
              "operation": "smaller",
              "value2": 0.7
            }
          ],
          "boolean": [
            {
              "value1": "={{ $json.opportunities && $json.opportunities.length > 0 }}",
              "value2": true
            }
          ]
        },
        "combineOperation": "any"
      },
      "name": "Mission Initiation Decision",
      "type": "n8n-nodes-base.if",
      "typeVersion": 1,
      "position": [650, 300],
      "id": "mission-decision-001"
    },
    {
      "parameters": {
        "values": {
          "string": [
            {
              "name": "mission_id",
              "value": "mission_{{ $runIndex }}_{{ $now.format('YYYYMMDD_HHmmss') }}"
            },
            {
              "name": "mission_type",
              "value": "{{ $node['Wolf BI Analysis'].json.opportunities[0].type || 'optimization' }}"
            },
            {
              "name": "priority",
              "value": "{{ $node['Wolf BI Analysis'].json.opportunities[0].urgency || 'medium' }}"
            },
            {
              "name": "description",
              "value": "{{ $node['Wolf BI Analysis'].json.opportunities[0].description || 'System optimization required' }}"
            },
            {
              "name": "health_score",
              "value": "{{ $node['Wolf BI Analysis'].json.overall_health_score }}"
            }
          ]
        }
      },
      "name": "Mission Context Builder",
      "type": "n8n-nodes-base.set",
      "typeVersion": 1,
      "position": [850, 200],
      "id": "mission-context-001"
    },
    {
      "parameters": {
        "conditions": {
          "string": [
            {
              "value1": "={{ $json.priority }}",
              "operation": "equal",
              "value2": "critical"
            },
            {
              "value1": "={{ $json.priority }}",
              "operation": "equal",
              "value2": "high"
            }
          ],
          "number": [
            {
              "value1": "={{ $json.health_score }}",
              "operation": "smaller",
              "value2": 0.5
            }
          ]
        },
        "combineOperation": "any"
      },
      "name": "Human Approval Required?",
      "type": "n8n-nodes-base.if",
      "typeVersion": 1,
      "position": [1050, 200],
      "id": "approval-decision-001"
    },
    {
      "parameters": {
        "workflowId": "human-in-the-loop-governance",
        "waitForExecution": true
      },
      "name": "Human-in-the-Loop Governance",
      "type": "n8n-nodes-base.executeWorkflow",
      "typeVersion": 1,
      "position": [1250, 100],
      "id": "human-governance-001"
    },
    {
      "parameters": {
        "url": "http://agent-ghost-auditor:8080/audit/comprehensive",
        "options": {
          "headers": {
            "Content-Type": "application/json"
          },
          "body": {
            "contentType": "json",
            "specifyBody": "json",
            "jsonBody": "{\"strategy\": \"{{ $json.description }}\", \"mission_id\": \"{{ $json.mission_id }}\", \"context\": \"autonomous_mission\"}"
          }
        },
        "method": "POST"
      },
      "name": "Ghost Security Validation",
      "type": "n8n-nodes-base.httpRequest",
      "typeVersion": 1,
      "position": [1250, 300],
      "id": "ghost-validation-001"
    },
    {
      "parameters": {
        "url": "http://agent-velvet-auditor:8090/audit/comprehensive",
        "options": {
          "headers": {
            "Content-Type": "application/json"
          },
          "body": {
            "contentType": "json",
            "specifyBody": "json",
            "jsonBody": "{\"strategy\": \"{{ $json.description }}\", \"mission_id\": \"{{ $json.mission_id }}\", \"context\": \"autonomous_mission\"}"
          }
        },
        "method": "POST"
      },
      "name": "Velvet Strategic Validation",
      "type": "n8n-nodes-base.httpRequest",
      "typeVersion": 1,
      "position": [1450, 300],
      "id": "velvet-validation-001"
    },
    {
      "parameters": {
        "conditions": {
          "number": [
            {
              "value1": "={{ $node['Ghost Security Validation'].json.overall_score }}",
              "operation": "largerEqual",
              "value2": 0.7
            },
            {
              "value1": "={{ $node['Velvet Strategic Validation'].json.overall_score }}",
              "operation": "largerEqual",
              "value2": 0.7
            }
          ],
          "string": [
            {
              "value1": "{{ $node['Ghost Security Validation'].json.status }}",
              "operation": "equal",
              "value2": "completed"
            },
            {
              "value1": "{{ $node['Velvet Strategic Validation'].json.status }}",
              "operation": "equal",
              "value2": "completed"
            }
          ]
        },
        "combineOperation": "all"
      },
      "name": "Validation Gate",
      "type": "n8n-nodes-base.if",
      "typeVersion": 1,
      "position": [1650, 300],
      "id": "validation-gate-001"
    },
    {
      "parameters": {
        "values": {
          "string": [
            {
              "name": "mission_status",
              "value": "approved"
            },
            {
              "name": "execution_timestamp",
              "value": "{{ $now }}"
            },
            {
              "name": "validation_scores",
              "value": "Security: {{ $node['Ghost Security Validation'].json.overall_score }}, Strategic: {{ $node['Velvet Strategic Validation'].json.overall_score }}"
            }
          ]
        }
      },
      "name": "Mission Execution Prep",
      "type": "n8n-nodes-base.set",
      "typeVersion": 1,
      "position": [1850, 200],
      "id": "mission-prep-001"
    },
    {
      "parameters": {
        "url": "http://qdrant:6333/collections/mission_lifecycle/points",
        "options": {
          "headers": {
            "Content-Type": "application/json"
          },
          "body": {
            "contentType": "json",
            "specifyBody": "json",
            "jsonBody": "{\"points\": [{\"id\": \"{{ $json.mission_id }}\", \"vector\": [0.1, 0.2, 0.3, 0.4], \"payload\": {\"mission_data\": \"{{ $json }}\", \"timestamp\": \"{{ $now }}\", \"status\": \"{{ $json.mission_status }}\"}}]}"
          }
        },
        "method": "PUT"
      },
      "name": "Store Mission in Qdrant",
      "type": "n8n-nodes-base.httpRequest",
      "typeVersion": 1,
      "position": [2050, 200],
      "id": "qdrant-storage-001"
    },
    {
      "parameters": {
        "values": {
          "string": [
            {
              "name": "mission_status",
              "value": "rejected"
            },
            {
              "name": "rejection_reason",
              "value": "Failed validation gate - Security: {{ $node['Ghost Security Validation'].json.overall_score }}, Strategic: {{ $node['Velvet Strategic Validation'].json.overall_score }}"
            },
            {
              "name": "escalation_required",
              "value": "true"
            }
          ]
        }
      },
      "name": "Mission Rejection",
      "type": "n8n-nodes-base.set",
      "typeVersion": 1,
      "position": [1850, 400],
      "id": "mission-rejection-001"
    },
    {
      "parameters": {
        "workflowId": "escalation-workflow",
        "waitForExecution": false
      },
      "name": "Escalation Workflow",
      "type": "n8n-nodes-base.executeWorkflow",
      "typeVersion": 1,
      "position": [2050, 400],
      "id": "escalation-001"
    },
    {
      "parameters": {
        "values": {
          "string": [
            {
              "name": "mission_status",
              "value": "no_action_required"
            },
            {
              "name": "reason",
              "value": "System health acceptable, no critical opportunities identified"
            }
          ]
        }
      },
      "name": "No Action Required",
      "type": "n8n-nodes-base.set",
      "typeVersion": 1,
      "position": [850, 400],
      "id": "no-action-001"
    }
  ],
  "connections": {
    "Mission Lifecycle Trigger": {
      "main": [
        [
          {
            "node": "Wolf BI Analysis",
            "type": "main",
            "index": 0
          }
        ]
      ]
    },
    "Wolf BI Analysis": {
      "main": [
        [
          {
            "node": "Mission Initiation Decision",
            "type": "main",
            "index": 0
          }
        ]
      ]
    },
    "Mission Initiation Decision": {
      "main": [
        [
          {
            "node": "Mission Context Builder",
            "type": "main",
            "index": 0
          }
        ],
        [
          {
            "node": "No Action Required",
            "type": "main",
            "index": 0
          }
        ]
      ]
    },
    "Mission Context Builder": {
      "main": [
        [
          {
            "node": "Human Approval Required?",
            "type": "main",
            "index": 0
          }
        ]
      ]
    },
    "Human Approval Required?": {
      "main": [
        [
          {
            "node": "Human-in-the-Loop Governance",
            "type": "main",
            "index": 0
          }
        ],
        [
          {
            "node": "Ghost Security Validation",
            "type": "main",
            "index": 0
          }
        ]
      ]
    },
    "Human-in-the-Loop Governance": {
      "main": [
        [
          {
            "node": "Ghost Security Validation",
            "type": "main",
            "index": 0
          }
        ]
      ]
    },
    "Ghost Security Validation": {
      "main": [
        [
          {
            "node": "Velvet Strategic Validation",
            "type": "main",
            "index": 0
          }
        ]
      ]
    },
    "Velvet Strategic Validation": {
      "main": [
        [
          {
            "node": "Validation Gate",
            "type": "main",
            "index": 0
          }
        ]
      ]
    },
    "Validation Gate": {
      "main": [
        [
          {
            "node": "Mission Execution Prep",
            "type": "main",
            "index": 0
          }
        ],
        [
          {
            "node": "Mission Rejection",
            "type": "main",
            "index": 0
          }
        ]
      ]
    },
    "Mission Execution Prep": {
      "main": [
        [
          {
            "node": "Store Mission in Qdrant",
            "type": "main",
            "index": 0
          }
        ]
      ]
    },
    "Mission Rejection": {
      "main": [
        [
          {
            "node": "Escalation Workflow",
            "type": "main",
            "index": 0
          }
        ]
      ]
    }
  },
  "settings": {
    "timezone": "America/Los_Angeles"
  },
  "meta": {
    "instanceId": "master-orchestrator-001"
  }
}