{
  "name": "Wolf Protocol KPI Analysis Cron",
  "nodes": [
    {
      "parameters": {
        "rule": {
          "interval": [
            {
              "field": "cronExpression",
              "expression": "0 */15 * * * *"
            }
          ]
        }
      },
      "name": "Schedule Trigger",
      "type": "n8n-nodes-base.cron",
      "typeVersion": 1,
      "position": [250, 300],
      "id": "cron-trigger-001"
    },
    {
      "parameters": {
        "url": "http://agent-wolf-protocol:8100/cron/analyze",
        "options": {
          "headers": {
            "Content-Type": "application/json"
          },
          "body": {
            "contentType": "json",
            "specifyBody": "json",
            "jsonBody": "{\"trigger\": \"cron\", \"timestamp\": \"{{ $now }}\"}"
          }
        },
        "method": "POST"
      },
      "name": "Wolf Analysis Request",
      "type": "n8n-nodes-base.httpRequest",
      "typeVersion": 1,
      "position": [450, 300],
      "id": "wolf-analysis-001"
    },
    {
      "parameters": {
        "conditions": {
          "number": [
            {
              "value1": "={{ $json.overall_health_score }}",
              "operation": "smaller",
              "value2": 0.7
            }
          ]
        }
      },
      "name": "Health Score Check",
      "type": "n8n-nodes-base.if",
      "typeVersion": 1,
      "position": [650, 300],
      "id": "health-check-001"
    },
    {
      "parameters": {
        "url": "http://agent-ghost-auditor:8080/audit/comprehensive",
        "options": {
          "headers": {
            "Content-Type": "application/json"
          },
          "body": {
            "contentType": "json",
            "specifyBody": "json",
            "jsonBody": "{\"strategy\": \"{{ $json.opportunities[0].description }}\"}"
          }
        },
        "method": "POST"
      },
      "name": "Ghost Security Audit",
      "type": "n8n-nodes-base.httpRequest",
      "typeVersion": 1,
      "position": [850, 200],
      "id": "ghost-audit-001"
    },
    {
      "parameters": {
        "url": "http://agent-velvet-auditor:8090/audit/comprehensive",
        "options": {
          "headers": {
            "Content-Type": "application/json"
          },
          "body": {
            "contentType": "json",
            "specifyBody": "json",
            "jsonBody": "{\"strategy\": \"{{ $json.opportunities[0].description }}\"}"
          }
        },
        "method": "POST"
      },
      "name": "Velvet Strategic Audit",
      "type": "n8n-nodes-base.httpRequest",
      "typeVersion": 1,
      "position": [850, 400],
      "id": "velvet-audit-001"
    },
    {
      "parameters": {
        "url": "http://qdrant:6333/collections/mission_results/points",
        "options": {
          "headers": {
            "Content-Type": "application/json"
          },
          "body": {
            "contentType": "json",
            "specifyBody": "json",
            "jsonBody": "{\"points\": [{\"id\": \"{{ $runIndex }}\", \"vector\": [0.1, 0.2, 0.3], \"payload\": {\"analysis\": \"{{ $json }}\", \"timestamp\": \"{{ $now }}\"}}]}"
          }
        },
        "method": "PUT"
      },
      "name": "Store in Qdrant",
      "type": "n8n-nodes-base.httpRequest",
      "typeVersion": 1,
      "position": [1050, 300],
      "id": "qdrant-store-001"
    }
  ],
  "connections": {
    "Schedule Trigger": {
      "main": [
        [
          {
            "node": "Wolf Analysis Request",
            "type": "main",
            "index": 0
          }
        ]
      ]
    },
    "Wolf Analysis Request": {
      "main": [
        [
          {
            "node": "Health Score Check",
            "type": "main",
            "index": 0
          }
        ]
      ]
    },
    "Health Score Check": {
      "main": [
        [
          {
            "node": "Ghost Security Audit",
            "type": "main",
            "index": 0
          },
          {
            "node": "Velvet Strategic Audit",
            "type": "main",
            "index": 0
          }
        ],
        [
          {
            "node": "Store in Qdrant",
            "type": "main",
            "index": 0
          }
        ]
      ]
    },
    "Ghost Security Audit": {
      "main": [
        [
          {
            "node": "Store in Qdrant",
            "type": "main",
            "index": 0
          }
        ]
      ]
    },
    "Velvet Strategic Audit": {
      "main": [
        [
          {
            "node": "Store in Qdrant",
            "type": "main",
            "index": 0
          }
        ]
      ]
    }
  },
  "active": true,
  "settings": {
    "timezone": "America/Los_Angeles"
  },
  "meta": {
    "instanceId": "wolf-protocol-cron-001"
  }
}