{
  "credentials": {
    "sentinel_agent_endpoints": {
      "name": "Sentinel Agent Endpoints",
      "type": "httpBasicAuth",
      "data": {
        "ghost_auditor": {
          "url": "http://agent-ghost-auditor:8080",
          "description": "Agent Ghost - Adversarial Auditor",
          "endpoints": {
            "health": "/health",
            "security_audit": "/audit/security",
            "logic_audit": "/audit/logic",
            "hallucination_audit": "/audit/hallucination",
            "evolve": "/evolve",
            "optimize": "/optimize",
            "adapt": "/adapt",
            "evolution_status": "/evolution/status",
            "performance": "/performance",
            "status": "/status"
          }
        },
        "velvet_auditor": {
          "url": "http://agent-velvet-auditor:8090",
          "description": "Agent Velvet - Strategic Auditor",
          "endpoints": {
            "health": "/health",
            "okr_audit": "/audit/okr",
            "brand_audit": "/audit/brand",
            "ethics_audit": "/audit/ethics",
            "comprehensive_audit": "/audit/comprehensive",
            "governance": "/governance",
            "status": "/status"
          }
        },
        "wolf_protocol": {
          "url": "http://agent-wolf-protocol:8100",
          "description": "Wolf Protocol - Business Intelligence Agent",
          "endpoints": {
            "health": "/health",
            "analyze": "/analyze",
            "cron_analyze": "/cron/analyze",
            "missions": "/missions",
            "kpis": "/kpis",
            "history": "/history",
            "status": "/status"
          }
        },
        "qdrant_vector_db": {
          "url": "http://qdrant:6333",
          "description": "Qdrant Vector Knowledge Base",
          "endpoints": {
            "health": "/health",
            "collections": "/collections",
            "points": "/collections/{collection}/points",
            "search": "/collections/{collection}/points/search",
            "dashboard": "/dashboard"
          }
        },
        "postgres_analytics": {
          "url": "postgres-analytics:5432",
          "description": "PostgreSQL Analytics Data Warehouse",
          "database": "analytics_warehouse",
          "username": "wolf_protocol",
          "password": "secure_analytics_2025"
        }
      }
    },
    "notification_channels": {
      "name": "Notification Channels",
      "type": "emailSend",
      "data": {
        "admin_email": "admin@vercept.com",
        "ops_team_email": "ops-team@vercept.com",
        "executives_email": "executives@vercept.com",
        "sentinel_system_email": "sentinel-system@vercept.com",
        "sentinel_escalation_email": "sentinel-escalation@vercept.com",
        "sentinel_critical_email": "sentinel-critical@vercept.com"
      }
    },
    "webhook_endpoints": {
      "name": "Webhook Endpoints",
      "type": "webhook",
      "data": {
        "approval_webhook_base": "http://n8n-orchestration-hub:5678/webhook/approval",
        "escalation_webhook_base": "http://n8n-orchestration-hub:5678/webhook/escalation",
        "mission_status_webhook": "http://n8n-orchestration-hub:5678/webhook/mission-status",
        "system_health_webhook": "http://n8n-orchestration-hub:5678/webhook/system-health"
      }
    },
    "security_tokens": {
      "name": "Security Tokens",
      "type": "httpHeaderAuth",
      "data": {
        "orchestrator_token": "sentinel_orchestrator_secure_token_2025",
        "agent_communication_token": "agent_comm_secure_token_2025",
        "webhook_validation_token": "webhook_validation_secure_token_2025",
        "api_access_token": "api_access_secure_token_2025"
      }
    }
  },
  "environment_variables": {
    "N8N_BASIC_AUTH_ACTIVE": "true",
    "N8N_BASIC_AUTH_USER": "admin",
    "N8N_BASIC_AUTH_PASSWORD": "sentinel_admin_2025",
    "WEBHOOK_URL": "http://n8n-orchestration-hub:5678",
    "N8N_METRICS": "true",
    "N8N_LOG_LEVEL": "info",
    "N8N_ENCRYPTION_KEY": "sentinel_encryption_key_2025_secure",
    "EXECUTIONS_DATA_PRUNE": "true",
    "EXECUTIONS_DATA_MAX_AGE": "168",
    "N8N_SECURE_COOKIE": "true"
  },
  "workflow_settings": {
    "timezone": "America/Los_Angeles",
    "execution_timeout": 3600,
    "max_execution_time": 7200,
    "save_execution_progress": true,
    "save_data_error_execution": "all",
    "save_data_success_execution": "all",
    "callerPolicy": "workflowsFromSameOwner"
  }
}