{
  "strategic_governance": {
    "company_info": {
      "name": "Vercept",
      "mission": "Empowering intelligent automation through advanced AI agents",
      "vision": "To be the leading provider of autonomous AI systems that enhance human productivity",
      "values": [
        "Innovation",
        "Reliability",
        "Transparency",
        "Ethical AI",
        "User-Centric Design"
      ]
    },
    "okrs": {
      "q4_2025": {
        "objective_1": {
          "title": "Enhance AI Agent Reliability",
          "key_results": [
            "Achieve 99.9% uptime across all agent services",
            "Reduce response time to under 2 seconds",
            "Implement comprehensive monitoring and alerting"
          ]
        },
        "objective_2": {
          "title": "Expand Security Framework",
          "key_results": [
            "Deploy multi-layer security validation",
            "Achieve zero critical security vulnerabilities",
            "Implement continuous security auditing"
          ]
        },
        "objective_3": {
          "title": "Improve User Experience",
          "key_results": [
            "Increase user satisfaction score to 4.8/5",
            "Reduce onboarding time by 50%",
            "Launch intuitive dashboard interface"
          ]
        }
      }
    },
    "brand_voice": {
      "tone": "Professional yet approachable",
      "personality": "Intelligent, reliable, innovative",
      "communication_style": {
        "clarity": "Use clear, concise language",
        "technical_depth": "Balance technical accuracy with accessibility",
        "confidence": "Confident but not arrogant",
        "empathy": "Understanding of user needs and challenges"
      },
      "messaging_pillars": [
        "Cutting-edge AI technology",
        "Reliable and secure solutions",
        "User-focused innovation",
        "Transparent and ethical practices"
      ]
    },
    "ethical_guidelines": {
      "ai_ethics": {
        "transparency": "All AI decisions must be explainable",
        "fairness": "Avoid bias in AI algorithms and outputs",
        "privacy": "Protect user data and maintain confidentiality",
        "accountability": "Clear responsibility for AI actions and decisions"
      },
      "business_ethics": {
        "integrity": "Honest and transparent business practices",
        "respect": "Treat all stakeholders with dignity and respect",
        "responsibility": "Consider environmental and social impact",
        "compliance": "Adhere to all applicable laws and regulations"
      },
      "prohibited_actions": [
        "Misleading or deceptive practices",
        "Discrimination or bias",
        "Privacy violations",
        "Unauthorized data access",
        "Harmful or malicious activities"
      ]
    },
    "strategic_priorities": {
      "technology": [
        "Advanced AI capabilities",
        "Scalable architecture",
        "Security-first design",
        "Real-time performance"
      ],
      "business": [
        "Customer satisfaction",
        "Market expansion",
        "Revenue growth",
        "Operational efficiency"
      ],
      "innovation": [
        "Research and development",
        "Emerging technologies",
        "User experience enhancement",
        "Competitive differentiation"
      ]
    },
    "compliance_requirements": {
      "data_protection": ["GDPR", "CCPA", "SOC 2"],
      "security_standards": ["ISO 27001", "NIST Framework"],
      "industry_regulations": ["AI Ethics Guidelines", "Software Compliance"]
    }
  }
}